{
  "id": "1938810",
  "name": "垃圾图标",
  "font_family": "iconfont",
  "css_prefix_text": "icon-",
  "description": "",
  "glyphs": [
    {
      "icon_id": "10135145",
      "name": "其他垃圾-一次性餐具",
      "font_class": "qitalaji-yicixingcanju",
      "unicode": "e631",
      "unicode_decimal": 58929
    },
    {
      "icon_id": "10135163",
      "name": "其他垃圾-女性卫生用品",
      "font_class": "qitalaji-nvxingweishengyongpin",
      "unicode": "e632",
      "unicode_decimal": 58930
    },
    {
      "icon_id": "10130768",
      "name": "纸箱回收",
      "font_class": "zhixianghuishou",
      "unicode": "e61c",
      "unicode_decimal": 58908
    },
    {
      "icon_id": "10130849",
      "name": "湿垃圾",
      "font_class": "shilaji",
      "unicode": "e622",
      "unicode_decimal": 58914
    },
    {
      "icon_id": "10130857",
      "name": "干垃圾",
      "font_class": "ganlaji",
      "unicode": "e623",
      "unicode_decimal": 58915
    },
    {
      "icon_id": "10130861",
      "name": "其他垃圾",
      "font_class": "qitalaji",
      "unicode": "e624",
      "unicode_decimal": 58916
    },
    {
      "icon_id": "10130863",
      "name": "有害垃圾",
      "font_class": "youhailaji",
      "unicode": "e625",
      "unicode_decimal": 58917
    },
    {
      "icon_id": "10130868",
      "name": "可回收物",
      "font_class": "kehuishouwu",
      "unicode": "e627",
      "unicode_decimal": 58919
    }
  ]
}
